0x0bb0330d8887fabdb61ae30324d7077836c31f66,1
0x7657ff00ddc858a31b9f286af47097b98ba4a847,1
0xfd352476ac10860314745ec336faef608fac42cf,1
0xb4d312929b5b949632294015ebcd1c62eaef30cf,2
0xbc5fba1fef0ba69e401cdf97197d75a5f9d9d4c6,4
0x11d4605f6eb2c725e743bfda9f2fee50870eeef5,6
0xc5801cd781d168e2d3899ad9c39d8a2541871298,7
0x5d47aa241f7c88b1b9b96f824c206de026b8b03f,9
0x4b4de68ef03ae45c0d1026801da71258ddc6bcf6,9
0x6c51d544c1ac203148484b35e8d0e741cfb67dce,9
0x87fdb64e67986cf6c7ebcbbf4ca0cf6f3b7b6470,9
0x5ef5be70a3c591f55a29a2d644cabb8e7f15850e,15
0xe826cf83f03732ea35eaf4cd9627d57529feca4b,18
0x879ada9eb253c9ed49ffd93a9481b777ced93e5b,19
0x40efefa29686fd0ce2dbd7f834f3a7e756469be1,20
0xaff39c9e8575fea2a95844f905466d76ec4b78b8,22
0x40e318616e5a84f7baf5ca5e1fbad917e86f4bea,22
0x56c0e3aadc595f60d21dd3e9a5a91d8e9703121e,32
0x63a10f0d5e70caed66d0be3d7991318b76bd1e44,34
0x0656d8b7b1fcc09788f4a7b657b38a3a4eeb3f9b,35
0x6b7bb7dc0dd67b4764ee040788a98ea77c8ab177,45
0xb2010b3b9e1d60933df001a30bc2a8fc523b2241,53
0xf91d8ef97d5c7c08d7453d1852168fc36aa95da4,79
0x9ea57bc2d559e766956928a8d42a8322f29e6c73,86
0x0b5a91adc9a867501fd814cea2caba28f9770b63,101
0x9b3611abceb1550b7ff2ebd46cf6ae4319130014,113
0x3dd48ad861f0b77d1312f9c95a13e52871ca95e0,136
0xe93e68be1dae4aa652ee4d7cac0ba1a568af9811,156
0x8a0f9d33a896e162acd85b3d3f6999c9e345c4dd,156
0x67147417477b761b8669e20b0a1a210b6f92f80d,158
0x366704e9ba3e281bf2e5d7803cd15dce6c3ed0fa,170
0x678fb21b9736e6c7da9f7d37a77ab766bb2519c7,182
0xc7579e7e965739e38a2e7bde0c07f87c6a6ca02f,207
0x5993bad196c8786baaedb5a5868f338fe6ce4cc2,229
0x044a9c43e95aa9fd28eea25131a62b602d304f1f,279
0xa423fe4cfb811e9cf6a61a02e80e372c0970d4b0,345
0x826be0f079a18c7f318efbead5f90df70a7b2e29,415
0x4a7b0acc6b89fc01185b38b77c0a53fd85230ff2,502
0x0991d02f28a5283338e9591cbf7de2eb25da46cd,517
0x07268d7b3e591d2ed547840aeba16d4b70e77777,528
0xab0b6d2e10f28a80078ae0a30e83727d52af76bd,564
0x1f5be3c931deb102a9e2c489c8abd074a6450e1a,635
0xf69ea6646cf682262e84cd7c67133eac59cef07b,674
0x818b0246ee14f772847404c12bdc313b1c71bfee,692
0xbbe3188a1e6bfe7874f069a9164a923725b8bd68,877
0xfd0315b6d5b8a2d8c73072fd105a285b1658a223,1051
0x80b3153f39aeec1ef68adc038913698e103e6e1d,1323
0xbf85ab6af5fdd17403946620f36895f4877229c5,1538
0x55b0cc32f802e7d0d832b33fe692754e15c99601,1693
0x3794deea438e09a684f5c620255f289c3df120c5,2875